{
  "target_dong": "행당2동",
  "timestamp": "20251012_174014",
  "analysis": {
    "part1_move_types": {
      "유출": 6268,
      "유입": 5859,
      "내부이동": 512
    },
    "part2_time_pattern": {
      "0": 82,
      "1": 127,
      "2": 108,
      "3": 97,
      "4": 136,
      "5": 258,
      "6": 371,
      "7": 589,
      "8": 856,
      "9": 922,
      "10": 802,
      "11": 759,
      "12": 780,
      "13": 768,
      "14": 729,
      "15": 765,
      "16": 760,
      "17": 911,
      "18": 793,
      "19": 717,
      "20": 517,
      "21": 479,
      "22": 268,
      "23": 45
    },
    "part3_purpose": {
      "기타": 6328,
      "쇼핑/여가/관광": 5006,
      "출근": 1059,
      "등교": 156,
      "쇼핑": 82,
      "병원": 5,
      "관광": 3
    },
    "part4_transport": {
      "지하철": 4956,
      "차량": 4294,
      "도보": 3010,
      "일반버스": 1769,
      "기타": 1634,
      "광역버스": 20
    },
    "part5_age": {
      "00대": 210,
      "10대": 2015,
      "20대": 2875,
      "30대": 4083,
      "40대": 4189,
      "50대": 5023,
      "60대": 4384,
      "70대 이상": 3104
    },
    "part5_2_age_purpose": {
      "00대": {
        "top_purpose": "기타",
        "percentage": 49.16864608076009
      },
      "10대": {
        "top_purpose": "쇼핑/여가/관광",
        "percentage": 52.343025015755806
      },
      "20대": {
        "top_purpose": "쇼핑/여가/관광",
        "percentage": 62.85545353366723
      },
      "30대": {
        "top_purpose": "쇼핑/여가/관광",
        "percentage": 68.3804318815668
      },
      "40대": {
        "top_purpose": "쇼핑/여가/관광",
        "percentage": 66.84574426191948
      },
      "50대": {
        "top_purpose": "쇼핑/여가/관광",
        "percentage": 62.55865296753657
      },
      "60대": {
        "top_purpose": "쇼핑/여가/관광",
        "percentage": 57.85284007837216
      },
      "70대 이상": {
        "top_purpose": "쇼핑/여가/관광",
        "percentage": 57.834181537074016
      }
    },
    "part5_3_age_time": {
      "00대": {
        "peak_hour": 9,
        "peak_count": 27.0
      },
      "10대": {
        "peak_hour": 22,
        "peak_count": 201.96
      },
      "20대": {
        "peak_hour": 18,
        "peak_count": 309.56
      },
      "30대": {
        "peak_hour": 18,
        "peak_count": 625.0
      },
      "40대": {
        "peak_hour": 18,
        "peak_count": 499.12
      },
      "50대": {
        "peak_hour": 18,
        "peak_count": 497.78000000000003
      },
      "60대": {
        "peak_hour": 16,
        "peak_count": 399.70000000000005
      },
      "70대 이상": {
        "peak_hour": 17,
        "peak_count": 286.54
      }
    },
    "part5_4_top3_purposes": {
      "00대": {
        "rank_1": {
          "purpose": "기타",
          "count": 103
        },
        "rank_2": {
          "purpose": "쇼핑/여가/관광",
          "count": 93
        },
        "rank_3": {
          "purpose": "등교",
          "count": 13
        }
      },
      "10대": {
        "rank_1": {
          "purpose": "쇼핑/여가/관광",
          "count": 1054
        },
        "rank_2": {
          "purpose": "기타",
          "count": 776
        },
        "rank_3": {
          "purpose": "등교",
          "count": 180
        }
      },
      "20대": {
        "rank_1": {
          "purpose": "쇼핑/여가/관광",
          "count": 1807
        },
        "rank_2": {
          "purpose": "기타",
          "count": 930
        },
        "rank_3": {
          "purpose": "출근",
          "count": 98
        }
      },
      "30대": {
        "rank_1": {
          "purpose": "쇼핑/여가/관광",
          "count": 2792
        },
        "rank_2": {
          "purpose": "기타",
          "count": 1076
        },
        "rank_3": {
          "purpose": "출근",
          "count": 204
        }
      },
      "40대": {
        "rank_1": {
          "purpose": "쇼핑/여가/관광",
          "count": 2800
        },
        "rank_2": {
          "purpose": "기타",
          "count": 1157
        },
        "rank_3": {
          "purpose": "출근",
          "count": 231
        }
      },
      "50대": {
        "rank_1": {
          "purpose": "쇼핑/여가/관광",
          "count": 3142
        },
        "rank_2": {
          "purpose": "기타",
          "count": 1482
        },
        "rank_3": {
          "purpose": "출근",
          "count": 398
        }
      },
      "60대": {
        "rank_1": {
          "purpose": "쇼핑/여가/관광",
          "count": 2536
        },
        "rank_2": {
          "purpose": "기타",
          "count": 1370
        },
        "rank_3": {
          "purpose": "출근",
          "count": 477
        }
      },
      "70대 이상": {
        "rank_1": {
          "purpose": "쇼핑/여가/관광",
          "count": 1795
        },
        "rank_2": {
          "purpose": "기타",
          "count": 998
        },
        "rank_3": {
          "purpose": "출근",
          "count": 310
        }
      }
    },
    "part5_5_3d_analysis": {
      "50대": {
        "쇼핑/여가/관광": {
          "peak_hour": 18,
          "peak_count": 396.84
        },
        "기타": {
          "peak_hour": 9,
          "peak_count": 119.11
        },
        "출근": {
          "peak_hour": 8,
          "peak_count": 116.9
        }
      },
      "60대": {
        "쇼핑/여가/관광": {
          "peak_hour": 18,
          "peak_count": 297.95
        },
        "기타": {
          "peak_hour": 16,
          "peak_count": 128.82
        },
        "출근": {
          "peak_hour": 8,
          "peak_count": 130.95
        }
      },
      "40대": {
        "쇼핑/여가/관광": {
          "peak_hour": 18,
          "peak_count": 431.55999999999995
        },
        "기타": {
          "peak_hour": 16,
          "peak_count": 109.75
        },
        "출근": {
          "peak_hour": 8,
          "peak_count": 42.199999999999996
        }
      }
    }
  }
}