{
  "target_dong": "성수2가1동",
  "timestamp": "20251012_174202",
  "analysis": {
    "part1_move_types": {
      "유입": 8133,
      "유출": 7977,
      "내부이동": 580
    },
    "part2_time_pattern": {
      "0": 121,
      "1": 190,
      "2": 121,
      "3": 131,
      "4": 183,
      "5": 330,
      "6": 411,
      "7": 565,
      "8": 826,
      "9": 1010,
      "10": 936,
      "11": 921,
      "12": 1009,
      "13": 1032,
      "14": 1047,
      "15": 1121,
      "16": 1148,
      "17": 1251,
      "18": 1241,
      "19": 1111,
      "20": 842,
      "21": 691,
      "22": 387,
      "23": 65
    },
    "part3_purpose": {
      "기타": 9627,
      "쇼핑/여가/관광": 5396,
      "출근": 1444,
      "등교": 138,
      "쇼핑": 74,
      "병원": 8,
      "관광": 3
    },
    "part4_transport": {
      "차량": 8513,
      "지하철": 5602,
      "도보": 3266,
      "기타": 3064,
      "일반버스": 2280,
      "광역버스": 54
    },
    "part5_age": {
      "00대": 131,
      "10대": 1811,
      "20대": 6500,
      "30대": 7235,
      "40대": 5006,
      "50대": 5464,
      "60대": 5300,
      "70대 이상": 2306
    },
    "part5_2_age_purpose": {
      "00대": {
        "top_purpose": "기타",
        "percentage": 60.30534351145038
      },
      "10대": {
        "top_purpose": "기타",
        "percentage": 72.00094949461493
      },
      "20대": {
        "top_purpose": "기타",
        "percentage": 56.81464012712888
      },
      "30대": {
        "top_purpose": "기타",
        "percentage": 47.22058284900797
      },
      "40대": {
        "top_purpose": "기타",
        "percentage": 47.928319163896695
      },
      "50대": {
        "top_purpose": "기타",
        "percentage": 46.38999441897912
      },
      "60대": {
        "top_purpose": "쇼핑/여가/관광",
        "percentage": 41.559247598044855
      },
      "70대 이상": {
        "top_purpose": "쇼핑/여가/관광",
        "percentage": 44.42907924397434
      }
    },
    "part5_3_age_time": {
      "00대": {
        "peak_hour": 16,
        "peak_count": 22.5
      },
      "10대": {
        "peak_hour": 13,
        "peak_count": 229.03000000000003
      },
      "20대": {
        "peak_hour": 18,
        "peak_count": 612.48
      },
      "30대": {
        "peak_hour": 8,
        "peak_count": 763.9
      },
      "40대": {
        "peak_hour": 8,
        "peak_count": 534.13
      },
      "50대": {
        "peak_hour": 8,
        "peak_count": 435.55
      },
      "60대": {
        "peak_hour": 18,
        "peak_count": 449.56
      },
      "70대 이상": {
        "peak_hour": 11,
        "peak_count": 183.46
      }
    },
    "part5_4_top3_purposes": {
      "00대": {
        "rank_1": {
          "purpose": "기타",
          "count": 79
        },
        "rank_2": {
          "purpose": "쇼핑/여가/관광",
          "count": 43
        },
        "rank_3": {
          "purpose": "등교",
          "count": 9
        }
      },
      "10대": {
        "rank_1": {
          "purpose": "기타",
          "count": 1304
        },
        "rank_2": {
          "purpose": "쇼핑/여가/관광",
          "count": 431
        },
        "rank_3": {
          "purpose": "등교",
          "count": 59
        }
      },
      "20대": {
        "rank_1": {
          "purpose": "기타",
          "count": 3693
        },
        "rank_2": {
          "purpose": "쇼핑/여가/관광",
          "count": 1260
        },
        "rank_3": {
          "purpose": "출근",
          "count": 985
        }
      },
      "30대": {
        "rank_1": {
          "purpose": "기타",
          "count": 3416
        },
        "rank_2": {
          "purpose": "출근",
          "count": 1921
        },
        "rank_3": {
          "purpose": "쇼핑/여가/관광",
          "count": 1786
        }
      },
      "40대": {
        "rank_1": {
          "purpose": "기타",
          "count": 2399
        },
        "rank_2": {
          "purpose": "쇼핑/여가/관광",
          "count": 1380
        },
        "rank_3": {
          "purpose": "출근",
          "count": 1226
        }
      },
      "50대": {
        "rank_1": {
          "purpose": "기타",
          "count": 2535
        },
        "rank_2": {
          "purpose": "쇼핑/여가/관광",
          "count": 1829
        },
        "rank_3": {
          "purpose": "출근",
          "count": 1099
        }
      },
      "60대": {
        "rank_1": {
          "purpose": "쇼핑/여가/관광",
          "count": 2203
        },
        "rank_2": {
          "purpose": "기타",
          "count": 2139
        },
        "rank_3": {
          "purpose": "출근",
          "count": 958
        }
      },
      "70대 이상": {
        "rank_1": {
          "purpose": "쇼핑/여가/관광",
          "count": 1024
        },
        "rank_2": {
          "purpose": "기타",
          "count": 938
        },
        "rank_3": {
          "purpose": "출근",
          "count": 343
        }
      }
    },
    "part5_5_3d_analysis": {
      "30대": {
        "기타": {
          "peak_hour": 18,
          "peak_count": 377.91999999999996
        },
        "쇼핑/여가/관광": {
          "peak_hour": 19,
          "peak_count": 258.97
        },
        "출근": {
          "peak_hour": 8,
          "peak_count": 607.24
        }
      },
      "20대": {
        "기타": {
          "peak_hour": 18,
          "peak_count": 469.96
        },
        "쇼핑/여가/관광": {
          "peak_hour": 19,
          "peak_count": 178.77
        },
        "출근": {
          "peak_hour": 8,
          "peak_count": 265.9
        }
      },
      "50대": {
        "기타": {
          "peak_hour": 11,
          "peak_count": 233.57
        },
        "쇼핑/여가/관광": {
          "peak_hour": 18,
          "peak_count": 249.64999999999998
        },
        "출근": {
          "peak_hour": 8,
          "peak_count": 331.36
        }
      }
    }
  }
}