{
  "target_dong": "금호4가동",
  "timestamp": "20251012_174109",
  "analysis": {
    "part1_move_types": {
      "유출": 4279,
      "유입": 4180,
      "내부이동": 334
    },
    "part2_time_pattern": {
      "0": 76,
      "1": 148,
      "2": 88,
      "3": 91,
      "4": 105,
      "5": 186,
      "6": 224,
      "7": 414,
      "8": 526,
      "9": 593,
      "10": 496,
      "11": 514,
      "12": 549,
      "13": 521,
      "14": 501,
      "15": 471,
      "16": 531,
      "17": 617,
      "18": 574,
      "19": 549,
      "20": 409,
      "21": 362,
      "22": 214,
      "23": 34
    },
    "part3_purpose": {
      "기타": 4473,
      "쇼핑/여가/관광": 3379,
      "출근": 840,
      "등교": 53,
      "쇼핑": 38,
      "병원": 10
    },
    "part4_transport": {
      "차량": 3337,
      "지하철": 2373,
      "도보": 2129,
      "기타": 1471,
      "일반버스": 1353,
      "기차": 84,
      "광역버스": 10
    },
    "part5_age": {
      "00대": 137,
      "10대": 803,
      "20대": 1658,
      "30대": 3375,
      "40대": 3439,
      "50대": 3358,
      "60대": 3338,
      "70대 이상": 2384
    },
    "part5_2_age_purpose": {
      "00대": {
        "top_purpose": "쇼핑/여가/관광",
        "percentage": 57.45454545454546
      },
      "10대": {
        "top_purpose": "기타",
        "percentage": 60.31842852163521
      },
      "20대": {
        "top_purpose": "쇼핑/여가/관광",
        "percentage": 46.076309554670026
      },
      "30대": {
        "top_purpose": "쇼핑/여가/관광",
        "percentage": 54.86534530263977
      },
      "40대": {
        "top_purpose": "쇼핑/여가/관광",
        "percentage": 57.445942449097075
      },
      "50대": {
        "top_purpose": "쇼핑/여가/관광",
        "percentage": 51.17890330283479
      },
      "60대": {
        "top_purpose": "쇼핑/여가/관광",
        "percentage": 46.840842442015465
      },
      "70대 이상": {
        "top_purpose": "쇼핑/여가/관광",
        "percentage": 50.81730043443984
      }
    },
    "part5_3_age_time": {
      "00대": {
        "peak_hour": 10,
        "peak_count": 22.5
      },
      "10대": {
        "peak_hour": 16,
        "peak_count": 91.8
      },
      "20대": {
        "peak_hour": 18,
        "peak_count": 179.87
      },
      "30대": {
        "peak_hour": 19,
        "peak_count": 424.18
      },
      "40대": {
        "peak_hour": 19,
        "peak_count": 359.61
      },
      "50대": {
        "peak_hour": 18,
        "peak_count": 321.04999999999995
      },
      "60대": {
        "peak_hour": 18,
        "peak_count": 348.07
      },
      "70대 이상": {
        "peak_hour": 17,
        "peak_count": 231.37
      }
    },
    "part5_4_top3_purposes": {
      "00대": {
        "rank_1": {
          "purpose": "쇼핑/여가/관광",
          "count": 79
        },
        "rank_2": {
          "purpose": "기타",
          "count": 45
        },
        "rank_3": {
          "purpose": "등교",
          "count": 13
        }
      },
      "10대": {
        "rank_1": {
          "purpose": "기타",
          "count": 484
        },
        "rank_2": {
          "purpose": "쇼핑/여가/관광",
          "count": 263
        },
        "rank_3": {
          "purpose": "등교",
          "count": 50
        }
      },
      "20대": {
        "rank_1": {
          "purpose": "쇼핑/여가/관광",
          "count": 764
        },
        "rank_2": {
          "purpose": "기타",
          "count": 730
        },
        "rank_3": {
          "purpose": "출근",
          "count": 136
        }
      },
      "30대": {
        "rank_1": {
          "purpose": "쇼핑/여가/관광",
          "count": 1851
        },
        "rank_2": {
          "purpose": "기타",
          "count": 1270
        },
        "rank_3": {
          "purpose": "출근",
          "count": 243
        }
      },
      "40대": {
        "rank_1": {
          "purpose": "쇼핑/여가/관광",
          "count": 1975
        },
        "rank_2": {
          "purpose": "기타",
          "count": 1152
        },
        "rank_3": {
          "purpose": "출근",
          "count": 311
        }
      },
      "50대": {
        "rank_1": {
          "purpose": "쇼핑/여가/관광",
          "count": 1718
        },
        "rank_2": {
          "purpose": "기타",
          "count": 1236
        },
        "rank_3": {
          "purpose": "출근",
          "count": 402
        }
      },
      "60대": {
        "rank_1": {
          "purpose": "쇼핑/여가/관광",
          "count": 1563
        },
        "rank_2": {
          "purpose": "기타",
          "count": 1319
        },
        "rank_3": {
          "purpose": "출근",
          "count": 455
        }
      },
      "70대 이상": {
        "rank_1": {
          "purpose": "쇼핑/여가/관광",
          "count": 1211
        },
        "rank_2": {
          "purpose": "기타",
          "count": 869
        },
        "rank_3": {
          "purpose": "출근",
          "count": 303
        }
      }
    },
    "part5_5_3d_analysis": {
      "40대": {
        "쇼핑/여가/관광": {
          "peak_hour": 19,
          "peak_count": 258.17
        },
        "기타": {
          "peak_hour": 18,
          "peak_count": 115.81
        },
        "출근": {
          "peak_hour": 7,
          "peak_count": 53.489999999999995
        }
      },
      "30대": {
        "쇼핑/여가/관광": {
          "peak_hour": 19,
          "peak_count": 263.37
        },
        "기타": {
          "peak_hour": 19,
          "peak_count": 160.81
        },
        "출근": {
          "peak_hour": 8,
          "peak_count": 51.16
        }
      },
      "50대": {
        "쇼핑/여가/관광": {
          "peak_hour": 18,
          "peak_count": 242.52999999999997
        },
        "기타": {
          "peak_hour": 16,
          "peak_count": 108.47999999999999
        },
        "출근": {
          "peak_hour": 8,
          "peak_count": 90.58
        }
      }
    }
  }
}