{
  "target_dong": "사근동",
  "timestamp": "20251012_173925",
  "analysis": {
    "part1_move_types": {
      "유입": 9209,
      "유출": 8742,
      "내부이동": 862
    },
    "part2_time_pattern": {
      "0": 162,
      "1": 240,
      "2": 203,
      "3": 145,
      "4": 173,
      "5": 328,
      "6": 422,
      "7": 686,
      "8": 1011,
      "9": 1098,
      "10": 964,
      "11": 1075,
      "12": 1219,
      "13": 1216,
      "14": 1133,
      "15": 1161,
      "16": 1253,
      "17": 1587,
      "18": 1343,
      "19": 1173,
      "20": 905,
      "21": 755,
      "22": 491,
      "23": 70
    },
    "part3_purpose": {
      "기타": 9826,
      "쇼핑/여가/관광": 6100,
      "등교": 1465,
      "출근": 1185,
      "병원": 183,
      "쇼핑": 51,
      "관광": 3
    },
    "part4_transport": {
      "지하철": 8544,
      "차량": 7889,
      "도보": 4306,
      "기타": 3552,
      "일반버스": 2032,
      "기차": 123,
      "광역버스": 35
    },
    "part5_age": {
      "00대": 172,
      "10대": 2870,
      "20대": 15386,
      "30대": 7240,
      "40대": 5375,
      "50대": 6321,
      "60대": 4805,
      "70대 이상": 2882
    },
    "part5_2_age_purpose": {
      "00대": {
        "top_purpose": "기타",
        "percentage": 68.69565217391305
      },
      "10대": {
        "top_purpose": "기타",
        "percentage": 66.02500897159402
      },
      "20대": {
        "top_purpose": "등교",
        "percentage": 41.107800095539226
      },
      "30대": {
        "top_purpose": "기타",
        "percentage": 53.33668474958291
      },
      "40대": {
        "top_purpose": "기타",
        "percentage": 60.34088562546857
      },
      "50대": {
        "top_purpose": "기타",
        "percentage": 56.6320009112021
      },
      "60대": {
        "top_purpose": "기타",
        "percentage": 61.14197607930285
      },
      "70대 이상": {
        "top_purpose": "기타",
        "percentage": 60.82401265576864
      }
    },
    "part5_3_age_time": {
      "00대": {
        "peak_hour": 17,
        "peak_count": 27.0
      },
      "10대": {
        "peak_hour": 12,
        "peak_count": 227.01000000000002
      },
      "20대": {
        "peak_hour": 9,
        "peak_count": 1407.99
      },
      "30대": {
        "peak_hour": 9,
        "peak_count": 731.53
      },
      "40대": {
        "peak_hour": 9,
        "peak_count": 517.14
      },
      "50대": {
        "peak_hour": 9,
        "peak_count": 515.46
      },
      "60대": {
        "peak_hour": 9,
        "peak_count": 408.54
      },
      "70대 이상": {
        "peak_hour": 12,
        "peak_count": 258.38
      }
    },
    "part5_4_top3_purposes": {
      "00대": {
        "rank_1": {
          "purpose": "기타",
          "count": 118
        },
        "rank_2": {
          "purpose": "쇼핑/여가/관광",
          "count": 31
        },
        "rank_3": {
          "purpose": "등교",
          "count": 18
        }
      },
      "10대": {
        "rank_1": {
          "purpose": "기타",
          "count": 1895
        },
        "rank_2": {
          "purpose": "쇼핑/여가/관광",
          "count": 578
        },
        "rank_3": {
          "purpose": "등교",
          "count": 363
        }
      },
      "20대": {
        "rank_1": {
          "purpose": "등교",
          "count": 6324
        },
        "rank_2": {
          "purpose": "기타",
          "count": 4969
        },
        "rank_3": {
          "purpose": "쇼핑/여가/관광",
          "count": 3841
        }
      },
      "30대": {
        "rank_1": {
          "purpose": "기타",
          "count": 3861
        },
        "rank_2": {
          "purpose": "출근",
          "count": 1529
        },
        "rank_3": {
          "purpose": "쇼핑/여가/관광",
          "count": 1295
        }
      },
      "40대": {
        "rank_1": {
          "purpose": "기타",
          "count": 3243
        },
        "rank_2": {
          "purpose": "출근",
          "count": 1157
        },
        "rank_3": {
          "purpose": "쇼핑/여가/관광",
          "count": 784
        }
      },
      "50대": {
        "rank_1": {
          "purpose": "기타",
          "count": 3579
        },
        "rank_2": {
          "purpose": "출근",
          "count": 1353
        },
        "rank_3": {
          "purpose": "쇼핑/여가/관광",
          "count": 1033
        }
      },
      "60대": {
        "rank_1": {
          "purpose": "기타",
          "count": 2938
        },
        "rank_2": {
          "purpose": "쇼핑/여가/관광",
          "count": 826
        },
        "rank_3": {
          "purpose": "출근",
          "count": 687
        }
      },
      "70대 이상": {
        "rank_1": {
          "purpose": "기타",
          "count": 1753
        },
        "rank_2": {
          "purpose": "쇼핑/여가/관광",
          "count": 631
        },
        "rank_3": {
          "purpose": "출근",
          "count": 291
        }
      }
    },
    "part5_5_3d_analysis": {
      "20대": {
        "기타": {
          "peak_hour": 18,
          "peak_count": 532.08
        },
        "쇼핑/여가/관광": {
          "peak_hour": 22,
          "peak_count": 502.56
        },
        "등교": {
          "peak_hour": 9,
          "peak_count": 1185.8400000000001
        }
      },
      "30대": {
        "기타": {
          "peak_hour": 18,
          "peak_count": 396.21000000000004
        },
        "쇼핑/여가/관광": {
          "peak_hour": 18,
          "peak_count": 210.28
        },
        "등교": {
          "peak_hour": 8,
          "peak_count": 68.91
        }
      },
      "50대": {
        "기타": {
          "peak_hour": 13,
          "peak_count": 361.84000000000003
        },
        "쇼핑/여가/관광": {
          "peak_hour": 21,
          "peak_count": 121.6
        }
      }
    }
  }
}