{
  "target_dong": "성수1가1동",
  "timestamp": "20251012_174137",
  "analysis": {
    "part1_move_types": {
      "유입": 7742,
      "유출": 7609,
      "내부이동": 477
    },
    "part2_time_pattern": {
      "0": 94,
      "1": 158,
      "2": 110,
      "3": 113,
      "4": 164,
      "5": 261,
      "6": 352,
      "7": 563,
      "8": 857,
      "9": 1108,
      "10": 999,
      "11": 912,
      "12": 1051,
      "13": 979,
      "14": 1052,
      "15": 1002,
      "16": 1087,
      "17": 1196,
      "18": 1126,
      "19": 1022,
      "20": 682,
      "21": 618,
      "22": 279,
      "23": 43
    },
    "part3_purpose": {
      "기타": 9121,
      "쇼핑/여가/관광": 5240,
      "출근": 1261,
      "등교": 116,
      "쇼핑": 80,
      "병원": 8,
      "관광": 2
    },
    "part4_transport": {
      "차량": 8502,
      "지하철": 6469,
      "기타": 2877,
      "도보": 2731,
      "일반버스": 2173,
      "광역버스": 38
    },
    "part5_age": {
      "00대": 145,
      "10대": 1337,
      "20대": 6495,
      "30대": 8379,
      "40대": 5496,
      "50대": 5851,
      "60대": 4863,
      "70대 이상": 2348
    },
    "part5_2_age_purpose": {
      "00대": {
        "top_purpose": "기타",
        "percentage": 72.85223367697594
      },
      "10대": {
        "top_purpose": "기타",
        "percentage": 59.49054869161603
      },
      "20대": {
        "top_purpose": "기타",
        "percentage": 41.16849227548091
      },
      "30대": {
        "top_purpose": "기타",
        "percentage": 37.689416768806815
      },
      "40대": {
        "top_purpose": "기타",
        "percentage": 46.32741125062308
      },
      "50대": {
        "top_purpose": "기타",
        "percentage": 44.22270792355843
      },
      "60대": {
        "top_purpose": "기타",
        "percentage": 42.72596241824354
      },
      "70대 이상": {
        "top_purpose": "기타",
        "percentage": 43.90269860663519
      }
    },
    "part5_3_age_time": {
      "00대": {
        "peak_hour": 10,
        "peak_count": 21.5
      },
      "10대": {
        "peak_hour": 17,
        "peak_count": 117.98
      },
      "20대": {
        "peak_hour": 8,
        "peak_count": 899.95
      },
      "30대": {
        "peak_hour": 8,
        "peak_count": 1088.77
      },
      "40대": {
        "peak_hour": 8,
        "peak_count": 572.22
      },
      "50대": {
        "peak_hour": 8,
        "peak_count": 530.57
      },
      "60대": {
        "peak_hour": 8,
        "peak_count": 374.24
      },
      "70대 이상": {
        "peak_hour": 8,
        "peak_count": 180.62
      }
    },
    "part5_4_top3_purposes": {
      "00대": {
        "rank_1": {
          "purpose": "기타",
          "count": 106
        },
        "rank_2": {
          "purpose": "쇼핑/여가/관광",
          "count": 35
        },
        "rank_3": {
          "purpose": "등교",
          "count": 4
        }
      },
      "10대": {
        "rank_1": {
          "purpose": "기타",
          "count": 795
        },
        "rank_2": {
          "purpose": "쇼핑/여가/관광",
          "count": 427
        },
        "rank_3": {
          "purpose": "등교",
          "count": 84
        }
      },
      "20대": {
        "rank_1": {
          "purpose": "기타",
          "count": 2674
        },
        "rank_2": {
          "purpose": "출근",
          "count": 1977
        },
        "rank_3": {
          "purpose": "쇼핑/여가/관광",
          "count": 1417
        }
      },
      "30대": {
        "rank_1": {
          "purpose": "기타",
          "count": 3158
        },
        "rank_2": {
          "purpose": "출근",
          "count": 3060
        },
        "rank_3": {
          "purpose": "쇼핑/여가/관광",
          "count": 2101
        }
      },
      "40대": {
        "rank_1": {
          "purpose": "기타",
          "count": 2546
        },
        "rank_2": {
          "purpose": "출근",
          "count": 1487
        },
        "rank_3": {
          "purpose": "쇼핑/여가/관광",
          "count": 1462
        }
      },
      "50대": {
        "rank_1": {
          "purpose": "기타",
          "count": 2587
        },
        "rank_2": {
          "purpose": "쇼핑/여가/관광",
          "count": 2084
        },
        "rank_3": {
          "purpose": "출근",
          "count": 1179
        }
      },
      "60대": {
        "rank_1": {
          "purpose": "기타",
          "count": 2077
        },
        "rank_2": {
          "purpose": "쇼핑/여가/관광",
          "count": 1818
        },
        "rank_3": {
          "purpose": "출근",
          "count": 966
        }
      },
      "70대 이상": {
        "rank_1": {
          "purpose": "기타",
          "count": 1031
        },
        "rank_2": {
          "purpose": "쇼핑/여가/관광",
          "count": 861
        },
        "rank_3": {
          "purpose": "출근",
          "count": 456
        }
      }
    },
    "part5_5_3d_analysis": {
      "30대": {
        "기타": {
          "peak_hour": 18,
          "peak_count": 351.67
        },
        "쇼핑/여가/관광": {
          "peak_hour": 19,
          "peak_count": 334.98
        },
        "출근": {
          "peak_hour": 8,
          "peak_count": 962.41
        }
      },
      "20대": {
        "기타": {
          "peak_hour": 12,
          "peak_count": 266.40000000000003
        },
        "쇼핑/여가/관광": {
          "peak_hour": 18,
          "peak_count": 194.56
        },
        "출근": {
          "peak_hour": 8,
          "peak_count": 688.19
        }
      },
      "50대": {
        "기타": {
          "peak_hour": 13,
          "peak_count": 225.07999999999998
        },
        "쇼핑/여가/관광": {
          "peak_hour": 18,
          "peak_count": 301.88
        },
        "출근": {
          "peak_hour": 8,
          "peak_count": 388.21000000000004
        }
      }
    }
  }
}