{
  "target_dong": "왕십리도선동",
  "timestamp": "20251012_173840",
  "analysis": {
    "part1_move_types": {
      "유출": 13721,
      "유입": 13440,
      "내부이동": 830
    },
    "part2_time_pattern": {
      "0": 227,
      "1": 403,
      "2": 328,
      "3": 238,
      "4": 324,
      "5": 517,
      "6": 697,
      "7": 1299,
      "8": 1786,
      "9": 1992,
      "10": 1583,
      "11": 1604,
      "12": 1718,
      "13": 1668,
      "14": 1586,
      "15": 1596,
      "16": 1772,
      "17": 2024,
      "18": 1902,
      "19": 1686,
      "20": 1218,
      "21": 1101,
      "22": 628,
      "23": 94
    },
    "part3_purpose": {
      "기타": 14854,
      "쇼핑/여가/관광": 9937,
      "출근": 2795,
      "등교": 215,
      "쇼핑": 152,
      "관광": 22,
      "병원": 16
    },
    "part4_transport": {
      "차량": 10120,
      "지하철": 10025,
      "도보": 6137,
      "일반버스": 5093,
      "기타": 4704,
      "기차": 92,
      "광역버스": 46
    },
    "part5_age": {
      "00대": 407,
      "10대": 3079,
      "20대": 9721,
      "30대": 11263,
      "40대": 9598,
      "50대": 10896,
      "60대": 8860,
      "70대 이상": 5148
    },
    "part5_2_age_purpose": {
      "00대": {
        "top_purpose": "기타",
        "percentage": 57.61670761670762
      },
      "10대": {
        "top_purpose": "기타",
        "percentage": 50.30085369061265
      },
      "20대": {
        "top_purpose": "기타",
        "percentage": 50.333062467213196
      },
      "30대": {
        "top_purpose": "기타",
        "percentage": 46.53118119184602
      },
      "40대": {
        "top_purpose": "기타",
        "percentage": 47.020896231427486
      },
      "50대": {
        "top_purpose": "기타",
        "percentage": 46.18074324789399
      },
      "60대": {
        "top_purpose": "기타",
        "percentage": 45.504193287354454
      },
      "70대 이상": {
        "top_purpose": "기타",
        "percentage": 44.45758840120277
      }
    },
    "part5_3_age_time": {
      "00대": {
        "peak_hour": 16,
        "peak_count": 40.5
      },
      "10대": {
        "peak_hour": 17,
        "peak_count": 283.56
      },
      "20대": {
        "peak_hour": 18,
        "peak_count": 967.16
      },
      "30대": {
        "peak_hour": 18,
        "peak_count": 1159.43
      },
      "40대": {
        "peak_hour": 18,
        "peak_count": 823.6999999999999
      },
      "50대": {
        "peak_hour": 8,
        "peak_count": 918.23
      },
      "60대": {
        "peak_hour": 8,
        "peak_count": 854.04
      },
      "70대 이상": {
        "peak_hour": 17,
        "peak_count": 412.79
      }
    },
    "part5_4_top3_purposes": {
      "00대": {
        "rank_1": {
          "purpose": "기타",
          "count": 234
        },
        "rank_2": {
          "purpose": "쇼핑/여가/관광",
          "count": 159
        },
        "rank_3": {
          "purpose": "등교",
          "count": 13
        }
      },
      "10대": {
        "rank_1": {
          "purpose": "기타",
          "count": 1549
        },
        "rank_2": {
          "purpose": "쇼핑/여가/관광",
          "count": 1137
        },
        "rank_3": {
          "purpose": "등교",
          "count": 326
        }
      },
      "20대": {
        "rank_1": {
          "purpose": "기타",
          "count": 4893
        },
        "rank_2": {
          "purpose": "쇼핑/여가/관광",
          "count": 3279
        },
        "rank_3": {
          "purpose": "출근",
          "count": 1528
        }
      },
      "30대": {
        "rank_1": {
          "purpose": "기타",
          "count": 5240
        },
        "rank_2": {
          "purpose": "쇼핑/여가/관광",
          "count": 4157
        },
        "rank_3": {
          "purpose": "출근",
          "count": 1865
        }
      },
      "40대": {
        "rank_1": {
          "purpose": "기타",
          "count": 4513
        },
        "rank_2": {
          "purpose": "쇼핑/여가/관광",
          "count": 3372
        },
        "rank_3": {
          "purpose": "출근",
          "count": 1712
        }
      },
      "50대": {
        "rank_1": {
          "purpose": "기타",
          "count": 5031
        },
        "rank_2": {
          "purpose": "쇼핑/여가/관광",
          "count": 3653
        },
        "rank_3": {
          "purpose": "출근",
          "count": 2211
        }
      },
      "60대": {
        "rank_1": {
          "purpose": "기타",
          "count": 4031
        },
        "rank_2": {
          "purpose": "쇼핑/여가/관광",
          "count": 2969
        },
        "rank_3": {
          "purpose": "출근",
          "count": 1858
        }
      },
      "70대 이상": {
        "rank_1": {
          "purpose": "기타",
          "count": 2288
        },
        "rank_2": {
          "purpose": "쇼핑/여가/관광",
          "count": 1925
        },
        "rank_3": {
          "purpose": "출근",
          "count": 933
        }
      }
    },
    "part5_5_3d_analysis": {
      "30대": {
        "기타": {
          "peak_hour": 18,
          "peak_count": 518.79
        },
        "쇼핑/여가/관광": {
          "peak_hour": 18,
          "peak_count": 634.06
        },
        "출근": {
          "peak_hour": 8,
          "peak_count": 614.75
        }
      },
      "50대": {
        "기타": {
          "peak_hour": 12,
          "peak_count": 390.12
        },
        "쇼핑/여가/관광": {
          "peak_hour": 18,
          "peak_count": 479.57
        },
        "출근": {
          "peak_hour": 8,
          "peak_count": 647.48
        }
      },
      "20대": {
        "기타": {
          "peak_hour": 18,
          "peak_count": 522.0
        },
        "쇼핑/여가/관광": {
          "peak_hour": 22,
          "peak_count": 439.08
        },
        "출근": {
          "peak_hour": 8,
          "peak_count": 432.06
        }
      }
    }
  }
}