{
  "target_dong": "옥수동",
  "timestamp": "20251012_174122",
  "analysis": {
    "part1_move_types": {
      "유출": 8776,
      "유입": 8695,
      "내부이동": 756
    },
    "part2_time_pattern": {
      "0": 115,
      "1": 183,
      "2": 131,
      "3": 125,
      "4": 186,
      "5": 324,
      "6": 509,
      "7": 824,
      "8": 1180,
      "9": 1339,
      "10": 1083,
      "11": 1057,
      "12": 1125,
      "13": 1129,
      "14": 1104,
      "15": 1072,
      "16": 1271,
      "17": 1306,
      "18": 1138,
      "19": 1105,
      "20": 823,
      "21": 653,
      "22": 387,
      "23": 58
    },
    "part3_purpose": {
      "기타": 9842,
      "쇼핑/여가/관광": 6546,
      "출근": 1526,
      "등교": 166,
      "쇼핑": 132,
      "병원": 9,
      "관광": 6
    },
    "part4_transport": {
      "차량": 8919,
      "지하철": 5259,
      "기타": 3753,
      "도보": 3417,
      "일반버스": 2202,
      "기차": 788,
      "광역버스": 36
    },
    "part5_age": {
      "00대": 517,
      "10대": 2700,
      "20대": 4142,
      "30대": 7673,
      "40대": 7276,
      "50대": 7004,
      "60대": 6660,
      "70대 이상": 4862
    },
    "part5_2_age_purpose": {
      "00대": {
        "top_purpose": "기타",
        "percentage": 50.967117988394584
      },
      "10대": {
        "top_purpose": "쇼핑/여가/관광",
        "percentage": 47.531101895734594
      },
      "20대": {
        "top_purpose": "기타",
        "percentage": 47.20514287507574
      },
      "30대": {
        "top_purpose": "쇼핑/여가/관광",
        "percentage": 51.65542891546796
      },
      "40대": {
        "top_purpose": "쇼핑/여가/관광",
        "percentage": 52.3008504158627
      },
      "50대": {
        "top_purpose": "쇼핑/여가/관광",
        "percentage": 47.930691330562546
      },
      "60대": {
        "top_purpose": "쇼핑/여가/관광",
        "percentage": 46.97942142171899
      },
      "70대 이상": {
        "top_purpose": "쇼핑/여가/관광",
        "percentage": 47.5448168355417
      }
    },
    "part5_3_age_time": {
      "00대": {
        "peak_hour": 14,
        "peak_count": 67.5
      },
      "10대": {
        "peak_hour": 22,
        "peak_count": 253.43
      },
      "20대": {
        "peak_hour": 18,
        "peak_count": 377.53
      },
      "30대": {
        "peak_hour": 19,
        "peak_count": 867.16
      },
      "40대": {
        "peak_hour": 18,
        "peak_count": 693.1
      },
      "50대": {
        "peak_hour": 18,
        "peak_count": 681.4100000000001
      },
      "60대": {
        "peak_hour": 18,
        "peak_count": 551.2
      },
      "70대 이상": {
        "peak_hour": 16,
        "peak_count": 392.89
      }
    },
    "part5_4_top3_purposes": {
      "00대": {
        "rank_1": {
          "purpose": "기타",
          "count": 263
        },
        "rank_2": {
          "purpose": "쇼핑/여가/관광",
          "count": 181
        },
        "rank_3": {
          "purpose": "등교",
          "count": 72
        }
      },
      "10대": {
        "rank_1": {
          "purpose": "쇼핑/여가/관광",
          "count": 1283
        },
        "rank_2": {
          "purpose": "기타",
          "count": 1204
        },
        "rank_3": {
          "purpose": "등교",
          "count": 205
        }
      },
      "20대": {
        "rank_1": {
          "purpose": "기타",
          "count": 1955
        },
        "rank_2": {
          "purpose": "쇼핑/여가/관광",
          "count": 1661
        },
        "rank_3": {
          "purpose": "출근",
          "count": 278
        }
      },
      "30대": {
        "rank_1": {
          "purpose": "쇼핑/여가/관광",
          "count": 3963
        },
        "rank_2": {
          "purpose": "기타",
          "count": 2973
        },
        "rank_3": {
          "purpose": "출근",
          "count": 701
        }
      },
      "40대": {
        "rank_1": {
          "purpose": "쇼핑/여가/관광",
          "count": 3805
        },
        "rank_2": {
          "purpose": "기타",
          "count": 2877
        },
        "rank_3": {
          "purpose": "출근",
          "count": 593
        }
      },
      "50대": {
        "rank_1": {
          "purpose": "쇼핑/여가/관광",
          "count": 3357
        },
        "rank_2": {
          "purpose": "기타",
          "count": 2858
        },
        "rank_3": {
          "purpose": "출근",
          "count": 788
        }
      },
      "60대": {
        "rank_1": {
          "purpose": "쇼핑/여가/관광",
          "count": 3129
        },
        "rank_2": {
          "purpose": "기타",
          "count": 2700
        },
        "rank_3": {
          "purpose": "출근",
          "count": 831
        }
      },
      "70대 이상": {
        "rank_1": {
          "purpose": "쇼핑/여가/관광",
          "count": 2311
        },
        "rank_2": {
          "purpose": "기타",
          "count": 1982
        },
        "rank_3": {
          "purpose": "출근",
          "count": 568
        }
      }
    },
    "part5_5_3d_analysis": {
      "30대": {
        "쇼핑/여가/관광": {
          "peak_hour": 19,
          "peak_count": 636.62
        },
        "기타": {
          "peak_hour": 18,
          "peak_count": 251.35000000000002
        },
        "출근": {
          "peak_hour": 9,
          "peak_count": 174.57999999999998
        }
      },
      "40대": {
        "쇼핑/여가/관광": {
          "peak_hour": 18,
          "peak_count": 499.07000000000005
        },
        "기타": {
          "peak_hour": 13,
          "peak_count": 219.62
        },
        "출근": {
          "peak_hour": 8,
          "peak_count": 145.84
        }
      },
      "50대": {
        "쇼핑/여가/관광": {
          "peak_hour": 18,
          "peak_count": 447.5
        },
        "기타": {
          "peak_hour": 18,
          "peak_count": 226.73000000000002
        },
        "출근": {
          "peak_hour": 8,
          "peak_count": 193.10999999999999
        }
      }
    }
  }
}