{
  "target_dong": "성수2가3동",
  "timestamp": "20251012_174215",
  "analysis": {
    "part1_move_types": {
      "유입": 22494,
      "유출": 22160,
      "내부이동": 706
    },
    "part2_time_pattern": {
      "0": 291,
      "1": 450,
      "2": 285,
      "3": 237,
      "4": 358,
      "5": 712,
      "6": 911,
      "7": 1430,
      "8": 2179,
      "9": 2761,
      "10": 2503,
      "11": 2611,
      "12": 2822,
      "13": 2866,
      "14": 2990,
      "15": 3193,
      "16": 3467,
      "17": 3974,
      "18": 3507,
      "19": 2982,
      "20": 2166,
      "21": 1746,
      "22": 825,
      "23": 94
    },
    "part3_purpose": {
      "기타": 27588,
      "쇼핑/여가/관광": 13603,
      "출근": 3700,
      "등교": 235,
      "쇼핑": 196,
      "병원": 20,
      "관광": 18
    },
    "part4_transport": {
      "차량": 22095,
      "지하철": 20653,
      "기타": 7455,
      "도보": 5682,
      "일반버스": 4407,
      "광역버스": 206
    },
    "part5_age": {
      "00대": 366,
      "10대": 5830,
      "20대": 22390,
      "30대": 22185,
      "40대": 15740,
      "50대": 13174,
      "60대": 7570,
      "70대 이상": 3227
    },
    "part5_2_age_purpose": {
      "00대": {
        "top_purpose": "기타",
        "percentage": 72.85648034481818
      },
      "10대": {
        "top_purpose": "기타",
        "percentage": 89.71300482269892
      },
      "20대": {
        "top_purpose": "기타",
        "percentage": 60.32492525807959
      },
      "30대": {
        "top_purpose": "기타",
        "percentage": 51.29607526377661
      },
      "40대": {
        "top_purpose": "기타",
        "percentage": 57.54726210759967
      },
      "50대": {
        "top_purpose": "기타",
        "percentage": 51.30919499138133
      },
      "60대": {
        "top_purpose": "기타",
        "percentage": 53.73358482790322
      },
      "70대 이상": {
        "top_purpose": "기타",
        "percentage": 51.63039268840524
      }
    },
    "part5_3_age_time": {
      "00대": {
        "peak_hour": 12,
        "peak_count": 45.0
      },
      "10대": {
        "peak_hour": 16,
        "peak_count": 693.4499999999999
      },
      "20대": {
        "peak_hour": 8,
        "peak_count": 3237.84
      },
      "30대": {
        "peak_hour": 8,
        "peak_count": 4329.22
      },
      "40대": {
        "peak_hour": 8,
        "peak_count": 2418.17
      },
      "50대": {
        "peak_hour": 8,
        "peak_count": 2185.54
      },
      "60대": {
        "peak_hour": 8,
        "peak_count": 797.9300000000001
      },
      "70대 이상": {
        "peak_hour": 9,
        "peak_count": 326.28000000000003
      }
    },
    "part5_4_top3_purposes": {
      "00대": {
        "rank_1": {
          "purpose": "기타",
          "count": 267
        },
        "rank_2": {
          "purpose": "쇼핑/여가/관광",
          "count": 55
        },
        "rank_3": {
          "purpose": "등교",
          "count": 44
        }
      },
      "10대": {
        "rank_1": {
          "purpose": "기타",
          "count": 5230
        },
        "rank_2": {
          "purpose": "쇼핑/여가/관광",
          "count": 271
        },
        "rank_3": {
          "purpose": "등교",
          "count": 216
        }
      },
      "20대": {
        "rank_1": {
          "purpose": "기타",
          "count": 13506
        },
        "rank_2": {
          "purpose": "출근",
          "count": 7098
        },
        "rank_3": {
          "purpose": "쇼핑/여가/관광",
          "count": 1316
        }
      },
      "30대": {
        "rank_1": {
          "purpose": "기타",
          "count": 11380
        },
        "rank_2": {
          "purpose": "출근",
          "count": 9238
        },
        "rank_3": {
          "purpose": "쇼핑/여가/관광",
          "count": 1474
        }
      },
      "40대": {
        "rank_1": {
          "purpose": "기타",
          "count": 9058
        },
        "rank_2": {
          "purpose": "출근",
          "count": 5596
        },
        "rank_3": {
          "purpose": "쇼핑/여가/관광",
          "count": 1085
        }
      },
      "50대": {
        "rank_1": {
          "purpose": "기타",
          "count": 6759
        },
        "rank_2": {
          "purpose": "출근",
          "count": 5091
        },
        "rank_3": {
          "purpose": "쇼핑/여가/관광",
          "count": 1323
        }
      },
      "60대": {
        "rank_1": {
          "purpose": "기타",
          "count": 4068
        },
        "rank_2": {
          "purpose": "출근",
          "count": 2311
        },
        "rank_3": {
          "purpose": "쇼핑/여가/관광",
          "count": 1190
        }
      },
      "70대 이상": {
        "rank_1": {
          "purpose": "기타",
          "count": 1666
        },
        "rank_2": {
          "purpose": "쇼핑/여가/관광",
          "count": 839
        },
        "rank_3": {
          "purpose": "출근",
          "count": 722
        }
      }
    },
    "part5_5_3d_analysis": {
      "20대": {
        "기타": {
          "peak_hour": 18,
          "peak_count": 1606.07
        },
        "출근": {
          "peak_hour": 8,
          "peak_count": 2723.38
        },
        "쇼핑/여가/관광": {
          "peak_hour": 22,
          "peak_count": 163.63
        }
      },
      "30대": {
        "기타": {
          "peak_hour": 18,
          "peak_count": 1171.75
        },
        "출근": {
          "peak_hour": 8,
          "peak_count": 3883.7599999999998
        },
        "쇼핑/여가/관광": {
          "peak_hour": 19,
          "peak_count": 223.93
        }
      },
      "40대": {
        "기타": {
          "peak_hour": 13,
          "peak_count": 898.0
        },
        "출근": {
          "peak_hour": 8,
          "peak_count": 2136.3
        },
        "쇼핑/여가/관광": {
          "peak_hour": 19,
          "peak_count": 130.82
        }
      }
    }
  }
}