{
  "target_dong": "응봉동",
  "timestamp": "20251012_174031",
  "analysis": {
    "part1_move_types": {
      "유출": 3516,
      "유입": 3368,
      "내부이동": 261
    },
    "part2_time_pattern": {
      "0": 50,
      "1": 83,
      "2": 74,
      "3": 69,
      "4": 85,
      "5": 177,
      "6": 228,
      "7": 353,
      "8": 448,
      "9": 527,
      "10": 422,
      "11": 395,
      "12": 419,
      "13": 412,
      "14": 408,
      "15": 396,
      "16": 403,
      "17": 488,
      "18": 434,
      "19": 409,
      "20": 349,
      "21": 305,
      "22": 178,
      "23": 33
    },
    "part3_purpose": {
      "기타": 3569,
      "쇼핑/여가/관광": 2935,
      "출근": 549,
      "등교": 51,
      "쇼핑": 33,
      "병원": 8
    },
    "part4_transport": {
      "차량": 3176,
      "도보": 1626,
      "지하철": 1563,
      "일반버스": 1323,
      "기타": 1314,
      "광역버스": 12
    },
    "part5_age": {
      "00대": 112,
      "10대": 1010,
      "20대": 1289,
      "30대": 2313,
      "40대": 2543,
      "50대": 3111,
      "60대": 2605,
      "70대 이상": 1685
    },
    "part5_2_age_purpose": {
      "00대": {
        "top_purpose": "쇼핑/여가/관광",
        "percentage": 60.0
      },
      "10대": {
        "top_purpose": "쇼핑/여가/관광",
        "percentage": 66.56904262476748
      },
      "20대": {
        "top_purpose": "쇼핑/여가/관광",
        "percentage": 70.4193130617531
      },
      "30대": {
        "top_purpose": "쇼핑/여가/관광",
        "percentage": 69.06355743592182
      },
      "40대": {
        "top_purpose": "쇼핑/여가/관광",
        "percentage": 74.71491262563505
      },
      "50대": {
        "top_purpose": "쇼핑/여가/관광",
        "percentage": 70.31423254558251
      },
      "60대": {
        "top_purpose": "쇼핑/여가/관광",
        "percentage": 60.41318063892172
      },
      "70대 이상": {
        "top_purpose": "쇼핑/여가/관광",
        "percentage": 64.69125987802273
      }
    },
    "part5_3_age_time": {
      "00대": {
        "peak_hour": 18,
        "peak_count": 18.0
      },
      "10대": {
        "peak_hour": 22,
        "peak_count": 137.38
      },
      "20대": {
        "peak_hour": 21,
        "peak_count": 151.23000000000002
      },
      "30대": {
        "peak_hour": 18,
        "peak_count": 316.3
      },
      "40대": {
        "peak_hour": 18,
        "peak_count": 296.56
      },
      "50대": {
        "peak_hour": 19,
        "peak_count": 366.05
      },
      "60대": {
        "peak_hour": 19,
        "peak_count": 220.51999999999998
      },
      "70대 이상": {
        "peak_hour": 17,
        "peak_count": 163.59
      }
    },
    "part5_4_top3_purposes": {
      "00대": {
        "rank_1": {
          "purpose": "쇼핑/여가/관광",
          "count": 67
        },
        "rank_2": {
          "purpose": "기타",
          "count": 36
        },
        "rank_3": {
          "purpose": "등교",
          "count": 9
        }
      },
      "10대": {
        "rank_1": {
          "purpose": "쇼핑/여가/관광",
          "count": 672
        },
        "rank_2": {
          "purpose": "기타",
          "count": 248
        },
        "rank_3": {
          "purpose": "등교",
          "count": 89
        }
      },
      "20대": {
        "rank_1": {
          "purpose": "쇼핑/여가/관광",
          "count": 908
        },
        "rank_2": {
          "purpose": "기타",
          "count": 316
        },
        "rank_3": {
          "purpose": "등교",
          "count": 32
        }
      },
      "30대": {
        "rank_1": {
          "purpose": "쇼핑/여가/관광",
          "count": 1598
        },
        "rank_2": {
          "purpose": "기타",
          "count": 596
        },
        "rank_3": {
          "purpose": "출근",
          "count": 113
        }
      },
      "40대": {
        "rank_1": {
          "purpose": "쇼핑/여가/관광",
          "count": 1900
        },
        "rank_2": {
          "purpose": "기타",
          "count": 527
        },
        "rank_3": {
          "purpose": "출근",
          "count": 115
        }
      },
      "50대": {
        "rank_1": {
          "purpose": "쇼핑/여가/관광",
          "count": 2187
        },
        "rank_2": {
          "purpose": "기타",
          "count": 748
        },
        "rank_3": {
          "purpose": "출근",
          "count": 174
        }
      },
      "60대": {
        "rank_1": {
          "purpose": "쇼핑/여가/관광",
          "count": 1574
        },
        "rank_2": {
          "purpose": "기타",
          "count": 733
        },
        "rank_3": {
          "purpose": "출근",
          "count": 298
        }
      },
      "70대 이상": {
        "rank_1": {
          "purpose": "쇼핑/여가/관광",
          "count": 1090
        },
        "rank_2": {
          "purpose": "기타",
          "count": 463
        },
        "rank_3": {
          "purpose": "출근",
          "count": 131
        }
      }
    },
    "part5_5_3d_analysis": {
      "50대": {
        "쇼핑/여가/관광": {
          "peak_hour": 19,
          "peak_count": 299.42
        },
        "기타": {
          "peak_hour": 19,
          "peak_count": 66.63
        },
        "출근": {
          "peak_hour": 8,
          "peak_count": 49.7
        }
      },
      "60대": {
        "쇼핑/여가/관광": {
          "peak_hour": 18,
          "peak_count": 179.01
        },
        "기타": {
          "peak_hour": 7,
          "peak_count": 58.769999999999996
        },
        "출근": {
          "peak_hour": 7,
          "peak_count": 56.28
        }
      },
      "40대": {
        "쇼핑/여가/관광": {
          "peak_hour": 19,
          "peak_count": 265.88
        },
        "기타": {
          "peak_hour": 17,
          "peak_count": 58.41
        },
        "출근": {
          "peak_hour": 8,
          "peak_count": 29.86
        }
      }
    }
  }
}