{
  "target_dong": "행당1동",
  "timestamp": "20251012_173947",
  "analysis": {
    "part1_move_types": {
      "유입": 13597,
      "유출": 13173,
      "내부이동": 545
    },
    "part2_time_pattern": {
      "0": 174,
      "1": 265,
      "2": 229,
      "3": 182,
      "4": 247,
      "5": 388,
      "6": 557,
      "7": 940,
      "8": 1449,
      "9": 1758,
      "10": 1545,
      "11": 1611,
      "12": 1730,
      "13": 1762,
      "14": 1778,
      "15": 1772,
      "16": 1953,
      "17": 2249,
      "18": 1998,
      "19": 1740,
      "20": 1255,
      "21": 1066,
      "22": 581,
      "23": 86
    },
    "part3_purpose": {
      "기타": 15330,
      "쇼핑/여가/관광": 9321,
      "출근": 2121,
      "등교": 437,
      "쇼핑": 92,
      "병원": 7,
      "관광": 7
    },
    "part4_transport": {
      "차량": 10426,
      "지하철": 10344,
      "도보": 4331,
      "일반버스": 4138,
      "기타": 3661,
      "기차": 1330,
      "광역버스": 81
    },
    "part5_age": {
      "00대": 345,
      "10대": 3432,
      "20대": 9906,
      "30대": 8926,
      "40대": 7722,
      "50대": 9454,
      "60대": 7474,
      "70대 이상": 4953
    },
    "part5_2_age_purpose": {
      "00대": {
        "top_purpose": "기타",
        "percentage": 60.92619392185239
      },
      "10대": {
        "top_purpose": "기타",
        "percentage": 64.80661438243622
      },
      "20대": {
        "top_purpose": "기타",
        "percentage": 60.24468536127431
      },
      "30대": {
        "top_purpose": "기타",
        "percentage": 56.33394313292099
      },
      "40대": {
        "top_purpose": "기타",
        "percentage": 57.50402411751071
      },
      "50대": {
        "top_purpose": "기타",
        "percentage": 58.08293997011038
      },
      "60대": {
        "top_purpose": "기타",
        "percentage": 61.66888987301634
      },
      "70대 이상": {
        "top_purpose": "기타",
        "percentage": 64.00615269089388
      }
    },
    "part5_3_age_time": {
      "00대": {
        "peak_hour": 16,
        "peak_count": 54.0
      },
      "10대": {
        "peak_hour": 13,
        "peak_count": 307.04
      },
      "20대": {
        "peak_hour": 18,
        "peak_count": 994.2800000000001
      },
      "30대": {
        "peak_hour": 18,
        "peak_count": 1039.7
      },
      "40대": {
        "peak_hour": 18,
        "peak_count": 666.1800000000001
      },
      "50대": {
        "peak_hour": 8,
        "peak_count": 859.91
      },
      "60대": {
        "peak_hour": 13,
        "peak_count": 574.31
      },
      "70대 이상": {
        "peak_hour": 12,
        "peak_count": 453.17
      }
    },
    "part5_4_top3_purposes": {
      "00대": {
        "rank_1": {
          "purpose": "기타",
          "count": 210
        },
        "rank_2": {
          "purpose": "쇼핑/여가/관광",
          "count": 130
        },
        "rank_3": {
          "purpose": "등교",
          "count": 4
        }
      },
      "10대": {
        "rank_1": {
          "purpose": "기타",
          "count": 2224
        },
        "rank_2": {
          "purpose": "쇼핑/여가/관광",
          "count": 779
        },
        "rank_3": {
          "purpose": "등교",
          "count": 412
        }
      },
      "20대": {
        "rank_1": {
          "purpose": "기타",
          "count": 5968
        },
        "rank_2": {
          "purpose": "쇼핑/여가/관광",
          "count": 2027
        },
        "rank_3": {
          "purpose": "등교",
          "count": 1077
        }
      },
      "30대": {
        "rank_1": {
          "purpose": "기타",
          "count": 5028
        },
        "rank_2": {
          "purpose": "쇼핑/여가/관광",
          "count": 2175
        },
        "rank_3": {
          "purpose": "출근",
          "count": 1631
        }
      },
      "40대": {
        "rank_1": {
          "purpose": "기타",
          "count": 4440
        },
        "rank_2": {
          "purpose": "쇼핑/여가/관광",
          "count": 1782
        },
        "rank_3": {
          "purpose": "출근",
          "count": 1499
        }
      },
      "50대": {
        "rank_1": {
          "purpose": "기타",
          "count": 5491
        },
        "rank_2": {
          "purpose": "쇼핑/여가/관광",
          "count": 2023
        },
        "rank_3": {
          "purpose": "출근",
          "count": 1939
        }
      },
      "60대": {
        "rank_1": {
          "purpose": "기타",
          "count": 4609
        },
        "rank_2": {
          "purpose": "쇼핑/여가/관광",
          "count": 1588
        },
        "rank_3": {
          "purpose": "출근",
          "count": 1276
        }
      },
      "70대 이상": {
        "rank_1": {
          "purpose": "기타",
          "count": 3170
        },
        "rank_2": {
          "purpose": "쇼핑/여가/관광",
          "count": 1104
        },
        "rank_3": {
          "purpose": "출근",
          "count": 678
        }
      }
    },
    "part5_5_3d_analysis": {
      "20대": {
        "기타": {
          "peak_hour": 18,
          "peak_count": 744.0699999999999
        },
        "쇼핑/여가/관광": {
          "peak_hour": 19,
          "peak_count": 283.01
        },
        "출근": {
          "peak_hour": 9,
          "peak_count": 210.85999999999999
        }
      },
      "50대": {
        "기타": {
          "peak_hour": 13,
          "peak_count": 501.03999999999996
        },
        "쇼핑/여가/관광": {
          "peak_hour": 18,
          "peak_count": 278.14
        },
        "출근": {
          "peak_hour": 8,
          "peak_count": 644.81
        }
      },
      "30대": {
        "기타": {
          "peak_hour": 18,
          "peak_count": 716.6800000000001
        },
        "쇼핑/여가/관광": {
          "peak_hour": 18,
          "peak_count": 311.58000000000004
        },
        "출근": {
          "peak_hour": 8,
          "peak_count": 560.69
        }
      }
    }
  }
}