{
  "target_dong": "송정동",
  "timestamp": "20251012_174228",
  "analysis": {
    "part1_move_types": {
      "유출": 3281,
      "유입": 3044,
      "내부이동": 178
    },
    "part2_time_pattern": {
      "0": 81,
      "1": 133,
      "2": 81,
      "3": 85,
      "4": 106,
      "5": 159,
      "6": 205,
      "7": 270,
      "8": 403,
      "9": 400,
      "10": 365,
      "11": 397,
      "12": 379,
      "13": 366,
      "14": 360,
      "15": 369,
      "16": 359,
      "17": 428,
      "18": 382,
      "19": 370,
      "20": 279,
      "21": 295,
      "22": 194,
      "23": 37
    },
    "part3_purpose": {
      "기타": 3473,
      "쇼핑/여가/관광": 2357,
      "출근": 586,
      "등교": 67,
      "쇼핑": 18,
      "병원": 2
    },
    "part4_transport": {
      "차량": 3267,
      "지하철": 1740,
      "도보": 1579,
      "기타": 1351,
      "일반버스": 1011,
      "광역버스": 49,
      "기차": 26
    },
    "part5_age": {
      "00대": 46,
      "10대": 312,
      "20대": 1875,
      "30대": 2550,
      "40대": 1962,
      "50대": 2032,
      "60대": 2035,
      "70대 이상": 984
    },
    "part5_2_age_purpose": {
      "00대": {
        "top_purpose": "등교",
        "percentage": 38.65149237706678
      },
      "10대": {
        "top_purpose": "쇼핑/여가/관광",
        "percentage": 54.330078437650066
      },
      "20대": {
        "top_purpose": "쇼핑/여가/관광",
        "percentage": 46.337380103115315
      },
      "30대": {
        "top_purpose": "쇼핑/여가/관광",
        "percentage": 42.32037354305272
      },
      "40대": {
        "top_purpose": "쇼핑/여가/관광",
        "percentage": 43.229156051929
      },
      "50대": {
        "top_purpose": "쇼핑/여가/관광",
        "percentage": 39.59386117275416
      },
      "60대": {
        "top_purpose": "쇼핑/여가/관광",
        "percentage": 51.33026418579971
      },
      "70대 이상": {
        "top_purpose": "쇼핑/여가/관광",
        "percentage": 51.72382277375524
      }
    },
    "part5_3_age_time": {
      "00대": {
        "peak_hour": 8,
        "peak_count": 13.5
      },
      "10대": {
        "peak_hour": 20,
        "peak_count": 39.6
      },
      "20대": {
        "peak_hour": 8,
        "peak_count": 187.15
      },
      "30대": {
        "peak_hour": 8,
        "peak_count": 324.86
      },
      "40대": {
        "peak_hour": 8,
        "peak_count": 213.89
      },
      "50대": {
        "peak_hour": 8,
        "peak_count": 167.79999999999998
      },
      "60대": {
        "peak_hour": 19,
        "peak_count": 141.04
      },
      "70대 이상": {
        "peak_hour": 10,
        "peak_count": 84.59
      }
    },
    "part5_4_top3_purposes": {
      "00대": {
        "rank_1": {
          "purpose": "등교",
          "count": 18
        },
        "rank_2": {
          "purpose": "쇼핑/여가/관광",
          "count": 18
        },
        "rank_3": {
          "purpose": "기타",
          "count": 10
        }
      },
      "10대": {
        "rank_1": {
          "purpose": "쇼핑/여가/관광",
          "count": 169
        },
        "rank_2": {
          "purpose": "기타",
          "count": 134
        },
        "rank_3": {
          "purpose": "등교",
          "count": 8
        }
      },
      "20대": {
        "rank_1": {
          "purpose": "쇼핑/여가/관광",
          "count": 869
        },
        "rank_2": {
          "purpose": "기타",
          "count": 677
        },
        "rank_3": {
          "purpose": "출근",
          "count": 301
        }
      },
      "30대": {
        "rank_1": {
          "purpose": "쇼핑/여가/관광",
          "count": 1079
        },
        "rank_2": {
          "purpose": "기타",
          "count": 834
        },
        "rank_3": {
          "purpose": "출근",
          "count": 633
        }
      },
      "40대": {
        "rank_1": {
          "purpose": "쇼핑/여가/관광",
          "count": 848
        },
        "rank_2": {
          "purpose": "기타",
          "count": 690
        },
        "rank_3": {
          "purpose": "출근",
          "count": 423
        }
      },
      "50대": {
        "rank_1": {
          "purpose": "쇼핑/여가/관광",
          "count": 804
        },
        "rank_2": {
          "purpose": "기타",
          "count": 776
        },
        "rank_3": {
          "purpose": "출근",
          "count": 450
        }
      },
      "60대": {
        "rank_1": {
          "purpose": "쇼핑/여가/관광",
          "count": 1044
        },
        "rank_2": {
          "purpose": "기타",
          "count": 693
        },
        "rank_3": {
          "purpose": "출근",
          "count": 297
        }
      },
      "70대 이상": {
        "rank_1": {
          "purpose": "쇼핑/여가/관광",
          "count": 509
        },
        "rank_2": {
          "purpose": "기타",
          "count": 330
        },
        "rank_3": {
          "purpose": "출근",
          "count": 144
        }
      }
    },
    "part5_5_3d_analysis": {
      "30대": {
        "쇼핑/여가/관광": {
          "peak_hour": 18,
          "peak_count": 172.18
        },
        "기타": {
          "peak_hour": 13,
          "peak_count": 81.41
        },
        "출근": {
          "peak_hour": 8,
          "peak_count": 281.95000000000005
        }
      },
      "60대": {
        "쇼핑/여가/관광": {
          "peak_hour": 19,
          "peak_count": 120.32
        },
        "기타": {
          "peak_hour": 13,
          "peak_count": 69.87
        },
        "출근": {
          "peak_hour": 7,
          "peak_count": 72.10000000000001
        }
      },
      "50대": {
        "쇼핑/여가/관광": {
          "peak_hour": 20,
          "peak_count": 96.75
        },
        "기타": {
          "peak_hour": 16,
          "peak_count": 69.03
        },
        "출근": {
          "peak_hour": 8,
          "peak_count": 139.45999999999998
        }
      }
    }
  }
}