{
  "target_dong": "성수1가2동",
  "timestamp": "20251012_174149",
  "analysis": {
    "part1_move_types": {
      "유입": 9961,
      "유출": 9689,
      "내부이동": 560
    },
    "part2_time_pattern": {
      "0": 117,
      "1": 201,
      "2": 127,
      "3": 122,
      "4": 158,
      "5": 293,
      "6": 410,
      "7": 594,
      "8": 915,
      "9": 1261,
      "10": 1193,
      "11": 1229,
      "12": 1355,
      "13": 1319,
      "14": 1347,
      "15": 1378,
      "16": 1491,
      "17": 1618,
      "18": 1498,
      "19": 1312,
      "20": 1020,
      "21": 842,
      "22": 360,
      "23": 50
    },
    "part3_purpose": {
      "기타": 11900,
      "쇼핑/여가/관광": 6320,
      "출근": 1712,
      "등교": 168,
      "쇼핑": 99,
      "병원": 9,
      "관광": 2
    },
    "part4_transport": {
      "차량": 11891,
      "지하철": 11758,
      "기타": 3905,
      "도보": 3481,
      "일반버스": 2736,
      "광역버스": 86
    },
    "part5_age": {
      "00대": 229,
      "10대": 2418,
      "20대": 12893,
      "30대": 14774,
      "40대": 9315,
      "50대": 7690,
      "60대": 5110,
      "70대 이상": 2271
    },
    "part5_2_age_purpose": {
      "00대": {
        "top_purpose": "기타",
        "percentage": 70.58823529411765
      },
      "10대": {
        "top_purpose": "기타",
        "percentage": 74.7520228895587
      },
      "20대": {
        "top_purpose": "기타",
        "percentage": 56.688071971459586
      },
      "30대": {
        "top_purpose": "기타",
        "percentage": 46.96723985526571
      },
      "40대": {
        "top_purpose": "기타",
        "percentage": 50.86882358056008
      },
      "50대": {
        "top_purpose": "기타",
        "percentage": 50.873723030189545
      },
      "60대": {
        "top_purpose": "기타",
        "percentage": 52.29293530157636
      },
      "70대 이상": {
        "top_purpose": "기타",
        "percentage": 48.19681223341741
      }
    },
    "part5_3_age_time": {
      "00대": {
        "peak_hour": 14,
        "peak_count": 27.0
      },
      "10대": {
        "peak_hour": 13,
        "peak_count": 272.5
      },
      "20대": {
        "peak_hour": 9,
        "peak_count": 1621.6100000000001
      },
      "30대": {
        "peak_hour": 8,
        "peak_count": 2161.43
      },
      "40대": {
        "peak_hour": 8,
        "peak_count": 1204.05
      },
      "50대": {
        "peak_hour": 8,
        "peak_count": 892.97
      },
      "60대": {
        "peak_hour": 8,
        "peak_count": 392.90999999999997
      },
      "70대 이상": {
        "peak_hour": 11,
        "peak_count": 182.91
      }
    },
    "part5_4_top3_purposes": {
      "00대": {
        "rank_1": {
          "purpose": "기타",
          "count": 162
        },
        "rank_2": {
          "purpose": "쇼핑/여가/관광",
          "count": 63
        },
        "rank_3": {
          "purpose": "등교",
          "count": 4
        }
      },
      "10대": {
        "rank_1": {
          "purpose": "기타",
          "count": 1807
        },
        "rank_2": {
          "purpose": "쇼핑/여가/관광",
          "count": 462
        },
        "rank_3": {
          "purpose": "등교",
          "count": 112
        }
      },
      "20대": {
        "rank_1": {
          "purpose": "기타",
          "count": 7309
        },
        "rank_2": {
          "purpose": "출근",
          "count": 2729
        },
        "rank_3": {
          "purpose": "등교",
          "count": 1549
        }
      },
      "30대": {
        "rank_1": {
          "purpose": "기타",
          "count": 6939
        },
        "rank_2": {
          "purpose": "출근",
          "count": 5473
        },
        "rank_3": {
          "purpose": "쇼핑/여가/관광",
          "count": 2048
        }
      },
      "40대": {
        "rank_1": {
          "purpose": "기타",
          "count": 4738
        },
        "rank_2": {
          "purpose": "출근",
          "count": 3052
        },
        "rank_3": {
          "purpose": "쇼핑/여가/관광",
          "count": 1524
        }
      },
      "50대": {
        "rank_1": {
          "purpose": "기타",
          "count": 3912
        },
        "rank_2": {
          "purpose": "출근",
          "count": 2110
        },
        "rank_3": {
          "purpose": "쇼핑/여가/관광",
          "count": 1667
        }
      },
      "60대": {
        "rank_1": {
          "purpose": "기타",
          "count": 2672
        },
        "rank_2": {
          "purpose": "쇼핑/여가/관광",
          "count": 1510
        },
        "rank_3": {
          "purpose": "출근",
          "count": 927
        }
      },
      "70대 이상": {
        "rank_1": {
          "purpose": "기타",
          "count": 1094
        },
        "rank_2": {
          "purpose": "쇼핑/여가/관광",
          "count": 843
        },
        "rank_3": {
          "purpose": "출근",
          "count": 333
        }
      }
    },
    "part5_5_3d_analysis": {
      "30대": {
        "기타": {
          "peak_hour": 12,
          "peak_count": 809.6800000000001
        },
        "출근": {
          "peak_hour": 8,
          "peak_count": 1824.79
        },
        "쇼핑/여가/관광": {
          "peak_hour": 18,
          "peak_count": 311.08000000000004
        }
      },
      "20대": {
        "기타": {
          "peak_hour": 18,
          "peak_count": 899.3000000000001
        },
        "출근": {
          "peak_hour": 9,
          "peak_count": 848.05
        },
        "쇼핑/여가/관광": {
          "peak_hour": 22,
          "peak_count": 169.45
        }
      },
      "40대": {
        "기타": {
          "peak_hour": 12,
          "peak_count": 582.94
        },
        "출근": {
          "peak_hour": 8,
          "peak_count": 1067.93
        },
        "쇼핑/여가/관광": {
          "peak_hour": 19,
          "peak_count": 214.72000000000003
        }
      }
    }
  }
}