{
  "target_dong": "마장동",
  "timestamp": "20251012_173904",
  "analysis": {
    "part1_move_types": {
      "유출": 8254,
      "유입": 7880,
      "내부이동": 664
    },
    "part2_time_pattern": {
      "0": 127,
      "1": 176,
      "2": 167,
      "3": 137,
      "4": 200,
      "5": 397,
      "6": 554,
      "7": 785,
      "8": 1070,
      "9": 1108,
      "10": 878,
      "11": 918,
      "12": 1006,
      "13": 983,
      "14": 913,
      "15": 941,
      "16": 1130,
      "17": 1256,
      "18": 1085,
      "19": 1036,
      "20": 807,
      "21": 652,
      "22": 425,
      "23": 47
    },
    "part3_purpose": {
      "기타": 8903,
      "쇼핑/여가/관광": 6028,
      "출근": 1576,
      "등교": 235,
      "쇼핑": 41,
      "병원": 13,
      "관광": 2
    },
    "part4_transport": {
      "차량": 7091,
      "지하철": 6346,
      "도보": 3859,
      "기타": 2952,
      "일반버스": 2176,
      "기차": 70,
      "광역버스": 28
    },
    "part5_age": {
      "00대": 337,
      "10대": 1637,
      "20대": 5464,
      "30대": 5499,
      "40대": 5320,
      "50대": 7050,
      "60대": 6219,
      "70대 이상": 4342
    },
    "part5_2_age_purpose": {
      "00대": {
        "top_purpose": "쇼핑/여가/관광",
        "percentage": 44.44444444444444
      },
      "10대": {
        "top_purpose": "쇼핑/여가/관광",
        "percentage": 52.11850693956806
      },
      "20대": {
        "top_purpose": "쇼핑/여가/관광",
        "percentage": 50.92313857967138
      },
      "30대": {
        "top_purpose": "쇼핑/여가/관광",
        "percentage": 44.52979236451321
      },
      "40대": {
        "top_purpose": "기타",
        "percentage": 43.446055416261004
      },
      "50대": {
        "top_purpose": "기타",
        "percentage": 42.04311110228605
      },
      "60대": {
        "top_purpose": "기타",
        "percentage": 41.758400787257244
      },
      "70대 이상": {
        "top_purpose": "쇼핑/여가/관광",
        "percentage": 43.62076429249063
      }
    },
    "part5_3_age_time": {
      "00대": {
        "peak_hour": 13,
        "peak_count": 47.5
      },
      "10대": {
        "peak_hour": 22,
        "peak_count": 184.8
      },
      "20대": {
        "peak_hour": 18,
        "peak_count": 566.98
      },
      "30대": {
        "peak_hour": 18,
        "peak_count": 636.84
      },
      "40대": {
        "peak_hour": 18,
        "peak_count": 531.73
      },
      "50대": {
        "peak_hour": 8,
        "peak_count": 642.39
      },
      "60대": {
        "peak_hour": 8,
        "peak_count": 525.06
      },
      "70대 이상": {
        "peak_hour": 10,
        "peak_count": 369.87
      }
    },
    "part5_4_top3_purposes": {
      "00대": {
        "rank_1": {
          "purpose": "쇼핑/여가/관광",
          "count": 150
        },
        "rank_2": {
          "purpose": "기타",
          "count": 148
        },
        "rank_3": {
          "purpose": "등교",
          "count": 39
        }
      },
      "10대": {
        "rank_1": {
          "purpose": "쇼핑/여가/관광",
          "count": 853
        },
        "rank_2": {
          "purpose": "기타",
          "count": 666
        },
        "rank_3": {
          "purpose": "등교",
          "count": 113
        }
      },
      "20대": {
        "rank_1": {
          "purpose": "쇼핑/여가/관광",
          "count": 2782
        },
        "rank_2": {
          "purpose": "기타",
          "count": 1883
        },
        "rank_3": {
          "purpose": "출근",
          "count": 536
        }
      },
      "30대": {
        "rank_1": {
          "purpose": "쇼핑/여가/관광",
          "count": 2448
        },
        "rank_2": {
          "purpose": "기타",
          "count": 2154
        },
        "rank_3": {
          "purpose": "출근",
          "count": 873
        }
      },
      "40대": {
        "rank_1": {
          "purpose": "기타",
          "count": 2311
        },
        "rank_2": {
          "purpose": "쇼핑/여가/관광",
          "count": 1935
        },
        "rank_3": {
          "purpose": "출근",
          "count": 1072
        }
      },
      "50대": {
        "rank_1": {
          "purpose": "기타",
          "count": 2964
        },
        "rank_2": {
          "purpose": "쇼핑/여가/관광",
          "count": 2657
        },
        "rank_3": {
          "purpose": "출근",
          "count": 1428
        }
      },
      "60대": {
        "rank_1": {
          "purpose": "기타",
          "count": 2596
        },
        "rank_2": {
          "purpose": "쇼핑/여가/관광",
          "count": 2443
        },
        "rank_3": {
          "purpose": "출근",
          "count": 1178
        }
      },
      "70대 이상": {
        "rank_1": {
          "purpose": "쇼핑/여가/관광",
          "count": 1894
        },
        "rank_2": {
          "purpose": "기타",
          "count": 1765
        },
        "rank_3": {
          "purpose": "출근",
          "count": 682
        }
      }
    },
    "part5_5_3d_analysis": {
      "50대": {
        "쇼핑/여가/관광": {
          "peak_hour": 18,
          "peak_count": 337.61
        },
        "기타": {
          "peak_hour": 18,
          "peak_count": 259.96000000000004
        },
        "출근": {
          "peak_hour": 8,
          "peak_count": 484.11
        }
      },
      "60대": {
        "쇼핑/여가/관광": {
          "peak_hour": 18,
          "peak_count": 310.36
        },
        "기타": {
          "peak_hour": 11,
          "peak_count": 223.39
        },
        "출근": {
          "peak_hour": 8,
          "peak_count": 347.17
        }
      },
      "30대": {
        "쇼핑/여가/관광": {
          "peak_hour": 18,
          "peak_count": 355.75
        },
        "기타": {
          "peak_hour": 18,
          "peak_count": 278.56
        },
        "출근": {
          "peak_hour": 8,
          "peak_count": 320.48
        }
      }
    }
  }
}