{
  "target_dong": "금호1가동",
  "timestamp": "20251012_174044",
  "analysis": {
    "part1_move_types": {
      "유출": 5123,
      "유입": 4946,
      "내부이동": 344
    },
    "part2_time_pattern": {
      "0": 66,
      "1": 114,
      "2": 101,
      "3": 80,
      "4": 127,
      "5": 216,
      "6": 283,
      "7": 474,
      "8": 688,
      "9": 775,
      "10": 616,
      "11": 569,
      "12": 658,
      "13": 649,
      "14": 613,
      "15": 597,
      "16": 646,
      "17": 763,
      "18": 647,
      "19": 617,
      "20": 458,
      "21": 391,
      "22": 224,
      "23": 41
    },
    "part3_purpose": {
      "기타": 5183,
      "쇼핑/여가/관광": 4105,
      "출근": 959,
      "등교": 85,
      "쇼핑": 75,
      "병원": 6
    },
    "part4_transport": {
      "차량": 3906,
      "지하철": 2928,
      "도보": 2583,
      "기타": 1647,
      "일반버스": 1613,
      "광역버스": 12
    },
    "part5_age": {
      "00대": 139,
      "10대": 1253,
      "20대": 1924,
      "30대": 3108,
      "40대": 3243,
      "50대": 3649,
      "60대": 3473,
      "70대 이상": 2348
    },
    "part5_2_age_purpose": {
      "00대": {
        "top_purpose": "쇼핑/여가/관광",
        "percentage": 64.51612903225806
      },
      "10대": {
        "top_purpose": "쇼핑/여가/관광",
        "percentage": 53.69549267919231
      },
      "20대": {
        "top_purpose": "쇼핑/여가/관광",
        "percentage": 56.60093965033366
      },
      "30대": {
        "top_purpose": "쇼핑/여가/관광",
        "percentage": 57.31740271772699
      },
      "40대": {
        "top_purpose": "쇼핑/여가/관광",
        "percentage": 60.609601203541565
      },
      "50대": {
        "top_purpose": "쇼핑/여가/관광",
        "percentage": 54.16260180425083
      },
      "60대": {
        "top_purpose": "쇼핑/여가/관광",
        "percentage": 49.151610414435574
      },
      "70대 이상": {
        "top_purpose": "쇼핑/여가/관광",
        "percentage": 52.83771756118543
      }
    },
    "part5_3_age_time": {
      "00대": {
        "peak_hour": 18,
        "peak_count": 22.5
      },
      "10대": {
        "peak_hour": 22,
        "peak_count": 139.03
      },
      "20대": {
        "peak_hour": 22,
        "peak_count": 184.9
      },
      "30대": {
        "peak_hour": 18,
        "peak_count": 370.39
      },
      "40대": {
        "peak_hour": 18,
        "peak_count": 404.09000000000003
      },
      "50대": {
        "peak_hour": 18,
        "peak_count": 340.46
      },
      "60대": {
        "peak_hour": 19,
        "peak_count": 294.5
      },
      "70대 이상": {
        "peak_hour": 15,
        "peak_count": 172.25
      }
    },
    "part5_4_top3_purposes": {
      "00대": {
        "rank_1": {
          "purpose": "쇼핑/여가/관광",
          "count": 90
        },
        "rank_2": {
          "purpose": "기타",
          "count": 36
        },
        "rank_3": {
          "purpose": "등교",
          "count": 13
        }
      },
      "10대": {
        "rank_1": {
          "purpose": "쇼핑/여가/관광",
          "count": 673
        },
        "rank_2": {
          "purpose": "기타",
          "count": 419
        },
        "rank_3": {
          "purpose": "등교",
          "count": 153
        }
      },
      "20대": {
        "rank_1": {
          "purpose": "쇼핑/여가/관광",
          "count": 1089
        },
        "rank_2": {
          "purpose": "기타",
          "count": 604
        },
        "rank_3": {
          "purpose": "출근",
          "count": 187
        }
      },
      "30대": {
        "rank_1": {
          "purpose": "쇼핑/여가/관광",
          "count": 1781
        },
        "rank_2": {
          "purpose": "기타",
          "count": 985
        },
        "rank_3": {
          "purpose": "출근",
          "count": 338
        }
      },
      "40대": {
        "rank_1": {
          "purpose": "쇼핑/여가/관광",
          "count": 1966
        },
        "rank_2": {
          "purpose": "기타",
          "count": 974
        },
        "rank_3": {
          "purpose": "출근",
          "count": 303
        }
      },
      "50대": {
        "rank_1": {
          "purpose": "쇼핑/여가/관광",
          "count": 1976
        },
        "rank_2": {
          "purpose": "기타",
          "count": 1243
        },
        "rank_3": {
          "purpose": "출근",
          "count": 428
        }
      },
      "60대": {
        "rank_1": {
          "purpose": "쇼핑/여가/관광",
          "count": 1707
        },
        "rank_2": {
          "purpose": "기타",
          "count": 1295
        },
        "rank_3": {
          "purpose": "출근",
          "count": 470
        }
      },
      "70대 이상": {
        "rank_1": {
          "purpose": "쇼핑/여가/관광",
          "count": 1240
        },
        "rank_2": {
          "purpose": "기타",
          "count": 873
        },
        "rank_3": {
          "purpose": "출근",
          "count": 233
        }
      }
    },
    "part5_5_3d_analysis": {
      "50대": {
        "쇼핑/여가/관광": {
          "peak_hour": 18,
          "peak_count": 253.04999999999998
        },
        "기타": {
          "peak_hour": 13,
          "peak_count": 108.33
        },
        "출근": {
          "peak_hour": 8,
          "peak_count": 107.33
        }
      },
      "60대": {
        "쇼핑/여가/관광": {
          "peak_hour": 19,
          "peak_count": 189.16
        },
        "기타": {
          "peak_hour": 13,
          "peak_count": 115.53999999999999
        },
        "출근": {
          "peak_hour": 8,
          "peak_count": 81.07
        }
      },
      "40대": {
        "쇼핑/여가/관광": {
          "peak_hour": 18,
          "peak_count": 316.18
        },
        "기타": {
          "peak_hour": 18,
          "peak_count": 87.91
        },
        "출근": {
          "peak_hour": 8,
          "peak_count": 95.85
        }
      }
    }
  }
}