{
  "target_dong": "금호2.3가동",
  "timestamp": "20251012_174057",
  "analysis": {
    "part1_move_types": {
      "유출": 6573,
      "유입": 6279,
      "내부이동": 509
    },
    "part2_time_pattern": {
      "0": 107,
      "1": 186,
      "2": 122,
      "3": 106,
      "4": 147,
      "5": 263,
      "6": 385,
      "7": 636,
      "8": 950,
      "9": 984,
      "10": 815,
      "11": 792,
      "12": 805,
      "13": 816,
      "14": 774,
      "15": 771,
      "16": 769,
      "17": 944,
      "18": 817,
      "19": 795,
      "20": 564,
      "21": 471,
      "22": 293,
      "23": 49
    },
    "part3_purpose": {
      "기타": 6669,
      "쇼핑/여가/관광": 5262,
      "출근": 1232,
      "등교": 99,
      "쇼핑": 86,
      "병원": 11,
      "관광": 2
    },
    "part4_transport": {
      "차량": 5287,
      "지하철": 3874,
      "도보": 3209,
      "기타": 2371,
      "일반버스": 1359,
      "광역버스": 17
    },
    "part5_age": {
      "00대": 180,
      "10대": 1403,
      "20대": 2751,
      "30대": 4869,
      "40대": 4529,
      "50대": 5118,
      "60대": 4865,
      "70대 이상": 3620
    },
    "part5_2_age_purpose": {
      "00대": {
        "top_purpose": "기타",
        "percentage": 52.5
      },
      "10대": {
        "top_purpose": "쇼핑/여가/관광",
        "percentage": 51.273556339282536
      },
      "20대": {
        "top_purpose": "쇼핑/여가/관광",
        "percentage": 61.70992366412214
      },
      "30대": {
        "top_purpose": "쇼핑/여가/관광",
        "percentage": 63.03379439943318
      },
      "40대": {
        "top_purpose": "쇼핑/여가/관광",
        "percentage": 58.68603372676814
      },
      "50대": {
        "top_purpose": "쇼핑/여가/관광",
        "percentage": 53.6384932954814
      },
      "60대": {
        "top_purpose": "쇼핑/여가/관광",
        "percentage": 50.87059026657267
      },
      "70대 이상": {
        "top_purpose": "쇼핑/여가/관광",
        "percentage": 47.8028246043869
      }
    },
    "part5_3_age_time": {
      "00대": {
        "peak_hour": 17,
        "peak_count": 31.5
      },
      "10대": {
        "peak_hour": 21,
        "peak_count": 120.88
      },
      "20대": {
        "peak_hour": 22,
        "peak_count": 298.13
      },
      "30대": {
        "peak_hour": 18,
        "peak_count": 566.8000000000001
      },
      "40대": {
        "peak_hour": 18,
        "peak_count": 475.14000000000004
      },
      "50대": {
        "peak_hour": 18,
        "peak_count": 475.0
      },
      "60대": {
        "peak_hour": 17,
        "peak_count": 369.69
      },
      "70대 이상": {
        "peak_hour": 12,
        "peak_count": 280.15999999999997
      }
    },
    "part5_4_top3_purposes": {
      "00대": {
        "rank_1": {
          "purpose": "기타",
          "count": 94
        },
        "rank_2": {
          "purpose": "쇼핑/여가/관광",
          "count": 72
        },
        "rank_3": {
          "purpose": "등교",
          "count": 13
        }
      },
      "10대": {
        "rank_1": {
          "purpose": "쇼핑/여가/관광",
          "count": 719
        },
        "rank_2": {
          "purpose": "기타",
          "count": 511
        },
        "rank_3": {
          "purpose": "등교",
          "count": 161
        }
      },
      "20대": {
        "rank_1": {
          "purpose": "쇼핑/여가/관광",
          "count": 1697
        },
        "rank_2": {
          "purpose": "기타",
          "count": 797
        },
        "rank_3": {
          "purpose": "출근",
          "count": 173
        }
      },
      "30대": {
        "rank_1": {
          "purpose": "쇼핑/여가/관광",
          "count": 3069
        },
        "rank_2": {
          "purpose": "기타",
          "count": 1461
        },
        "rank_3": {
          "purpose": "출근",
          "count": 333
        }
      },
      "40대": {
        "rank_1": {
          "purpose": "쇼핑/여가/관광",
          "count": 2658
        },
        "rank_2": {
          "purpose": "기타",
          "count": 1532
        },
        "rank_3": {
          "purpose": "출근",
          "count": 338
        }
      },
      "50대": {
        "rank_1": {
          "purpose": "쇼핑/여가/관광",
          "count": 2745
        },
        "rank_2": {
          "purpose": "기타",
          "count": 1806
        },
        "rank_3": {
          "purpose": "출근",
          "count": 566
        }
      },
      "60대": {
        "rank_1": {
          "purpose": "쇼핑/여가/관광",
          "count": 2474
        },
        "rank_2": {
          "purpose": "기타",
          "count": 1832
        },
        "rank_3": {
          "purpose": "출근",
          "count": 558
        }
      },
      "70대 이상": {
        "rank_1": {
          "purpose": "쇼핑/여가/관광",
          "count": 1730
        },
        "rank_2": {
          "purpose": "기타",
          "count": 1489
        },
        "rank_3": {
          "purpose": "출근",
          "count": 400
        }
      }
    },
    "part5_5_3d_analysis": {
      "50대": {
        "쇼핑/여가/관광": {
          "peak_hour": 19,
          "peak_count": 383.14
        },
        "기타": {
          "peak_hour": 17,
          "peak_count": 140.72
        },
        "출근": {
          "peak_hour": 8,
          "peak_count": 128.2
        }
      },
      "30대": {
        "쇼핑/여가/관광": {
          "peak_hour": 18,
          "peak_count": 481.21000000000004
        },
        "기타": {
          "peak_hour": 19,
          "peak_count": 101.22999999999999
        },
        "출근": {
          "peak_hour": 9,
          "peak_count": 71.45
        }
      },
      "60대": {
        "쇼핑/여가/관광": {
          "peak_hour": 17,
          "peak_count": 257.36
        },
        "기타": {
          "peak_hour": 13,
          "peak_count": 158.06
        },
        "출근": {
          "peak_hour": 8,
          "peak_count": 115.64
        }
      }
    }
  }
}