{
  "target_dong": "용답동",
  "timestamp": "20251012_174243",
  "analysis": {
    "part1_move_types": {
      "유출": 7146,
      "유입": 6878,
      "내부이동": 428
    },
    "part2_time_pattern": {
      "0": 123,
      "1": 206,
      "2": 163,
      "3": 164,
      "4": 180,
      "5": 366,
      "6": 454,
      "7": 621,
      "8": 922,
      "9": 985,
      "10": 803,
      "11": 813,
      "12": 841,
      "13": 792,
      "14": 792,
      "15": 906,
      "16": 919,
      "17": 985,
      "18": 914,
      "19": 812,
      "20": 689,
      "21": 577,
      "22": 348,
      "23": 77
    },
    "part3_purpose": {
      "기타": 7700,
      "쇼핑/여가/관광": 5201,
      "출근": 1391,
      "등교": 110,
      "쇼핑": 43,
      "병원": 6,
      "관광": 1
    },
    "part4_transport": {
      "차량": 7491,
      "지하철": 5948,
      "도보": 3159,
      "기타": 2830,
      "일반버스": 1708,
      "광역버스": 154
    },
    "part5_age": {
      "00대": 204,
      "10대": 877,
      "20대": 4874,
      "30대": 5325,
      "40대": 4050,
      "50대": 5219,
      "60대": 4479,
      "70대 이상": 2649
    },
    "part5_2_age_purpose": {
      "00대": {
        "top_purpose": "기타",
        "percentage": 62.5
      },
      "10대": {
        "top_purpose": "기타",
        "percentage": 61.52206619859578
      },
      "20대": {
        "top_purpose": "쇼핑/여가/관광",
        "percentage": 41.64806623940391
      },
      "30대": {
        "top_purpose": "쇼핑/여가/관광",
        "percentage": 38.94647108747738
      },
      "40대": {
        "top_purpose": "기타",
        "percentage": 48.019265472984145
      },
      "50대": {
        "top_purpose": "기타",
        "percentage": 45.959232154488674
      },
      "60대": {
        "top_purpose": "기타",
        "percentage": 49.08078305319316
      },
      "70대 이상": {
        "top_purpose": "기타",
        "percentage": 42.84705837941904
      }
    },
    "part5_3_age_time": {
      "00대": {
        "peak_hour": 15,
        "peak_count": 31.5
      },
      "10대": {
        "peak_hour": 13,
        "peak_count": 101.76
      },
      "20대": {
        "peak_hour": 19,
        "peak_count": 467.99
      },
      "30대": {
        "peak_hour": 8,
        "peak_count": 679.98
      },
      "40대": {
        "peak_hour": 8,
        "peak_count": 489.49
      },
      "50대": {
        "peak_hour": 8,
        "peak_count": 602.15
      },
      "60대": {
        "peak_hour": 8,
        "peak_count": 433.38
      },
      "70대 이상": {
        "peak_hour": 8,
        "peak_count": 227.06
      }
    },
    "part5_4_top3_purposes": {
      "00대": {
        "rank_1": {
          "purpose": "기타",
          "count": 127
        },
        "rank_2": {
          "purpose": "쇼핑/여가/관광",
          "count": 63
        },
        "rank_3": {
          "purpose": "등교",
          "count": 13
        }
      },
      "10대": {
        "rank_1": {
          "purpose": "기타",
          "count": 539
        },
        "rank_2": {
          "purpose": "쇼핑/여가/관광",
          "count": 274
        },
        "rank_3": {
          "purpose": "등교",
          "count": 54
        }
      },
      "20대": {
        "rank_1": {
          "purpose": "쇼핑/여가/관광",
          "count": 2030
        },
        "rank_2": {
          "purpose": "기타",
          "count": 1962
        },
        "rank_3": {
          "purpose": "출근",
          "count": 828
        }
      },
      "30대": {
        "rank_1": {
          "purpose": "쇼핑/여가/관광",
          "count": 2074
        },
        "rank_2": {
          "purpose": "기타",
          "count": 1944
        },
        "rank_3": {
          "purpose": "출근",
          "count": 1288
        }
      },
      "40대": {
        "rank_1": {
          "purpose": "기타",
          "count": 1945
        },
        "rank_2": {
          "purpose": "출근",
          "count": 1092
        },
        "rank_3": {
          "purpose": "쇼핑/여가/관광",
          "count": 1012
        }
      },
      "50대": {
        "rank_1": {
          "purpose": "기타",
          "count": 2398
        },
        "rank_2": {
          "purpose": "쇼핑/여가/관광",
          "count": 1417
        },
        "rank_3": {
          "purpose": "출근",
          "count": 1403
        }
      },
      "60대": {
        "rank_1": {
          "purpose": "기타",
          "count": 2198
        },
        "rank_2": {
          "purpose": "쇼핑/여가/관광",
          "count": 1221
        },
        "rank_3": {
          "purpose": "출근",
          "count": 1059
        }
      },
      "70대 이상": {
        "rank_1": {
          "purpose": "기타",
          "count": 1135
        },
        "rank_2": {
          "purpose": "쇼핑/여가/관광",
          "count": 974
        },
        "rank_3": {
          "purpose": "출근",
          "count": 539
        }
      }
    },
    "part5_5_3d_analysis": {
      "30대": {
        "기타": {
          "peak_hour": 18,
          "peak_count": 189.09
        },
        "쇼핑/여가/관광": {
          "peak_hour": 22,
          "peak_count": 275.99
        },
        "출근": {
          "peak_hour": 8,
          "peak_count": 554.51
        }
      },
      "50대": {
        "기타": {
          "peak_hour": 18,
          "peak_count": 228.31
        },
        "쇼핑/여가/관광": {
          "peak_hour": 18,
          "peak_count": 175.53
        },
        "출근": {
          "peak_hour": 8,
          "peak_count": 468.38
        }
      },
      "20대": {
        "기타": {
          "peak_hour": 17,
          "peak_count": 188.34
        },
        "쇼핑/여가/관광": {
          "peak_hour": 19,
          "peak_count": 301.7
        },
        "출근": {
          "peak_hour": 8,
          "peak_count": 374.52
        }
      }
    }
  }
}